Show_Id,Category,Title,Director,Cast,Country
s10,Movie,1920 horror,Vikram Bhatt,"Rajneesh Duggal, Adah Sharma, Indraneil Sengupta, Anjori Alagh, Rajendranath Zutshi, Vipin Sharma, Amin Hajee, Shri Vallabh Vyas",India
s79,Movie,2 States,Abhishek Varman,"Alia Bhatt, Arjun Kapoor, Ronit Roy, Amrita Singh, Revathy, Aru Krishansh Verma",India
s101,Movie,3 Idiots,Rajkumar Hirani,"Aamir Khan, Kareena Kapoor, Madhavan, Sharman Joshi, Omi Vaidya, Boman Irani, Mona Singh, Javed Jaffrey",India
s137,Movie,7 Khoon Maaf,Vishal Bhardwaj,"Priyanka Chopra, Neil Nitin Mukesh, John Abraham, Irrfan Khan, Aleksandr Dyachenko, Annu Kapoor, Naseeruddin Shah, Vivaan Shah, Usha Uthup, Konkona Sen Sharma",India
s173,Movie,A Flying Jatt,Remo D'Souza,"Tiger Shroff, Jacqueline Fernandez, Nathan Jones, Kay Kay Menon, Amrita Singh, Gaurav Pandey, Shraddha Kapoor, Amrita Puri",India
s252,Movie,A Wednesday,Neeraj Pandey,"Anupam Kher, Naseeruddin Shah, Jimmy Shergill, Deepal Shaw, Aamir Bashir, Kali Prasad Mukherjee, Vijay Bhatia, Chetan Pandit",India
s270,Movie,Aamir,Raj Kumar Gupta,"Rajeev Khandelwal, Gajraj Rao, Shashanka Ghosh, Jhilmil Hazrika, Gazala Amin, Allauddin Khan",India
s272,Movie,Aarakshan,Prakash Jha,"Amitabh Bachchan, Saif Ali Khan, Manoj Bajpayee, Deepika Padukone, Prateik, Tanvi Azmi, Saurabh Shukla, Darshan Jariwala, Yashpal Sharma, Mukesh Tiwari",India
s279,Movie,ABCD 2,Remo D'Souza,"Prabhu Deva, Varun Dhawan, Shraddha Kapoor, Lauren Gottlieb, Sushant Pujari, Punit Pathak, Dharmesh Yelande, Raghav Juyal",India
s280,Movie,ABCD: Any Body Can Dance,Remo D'Souza,"Prabhu Deva, Kay Kay Menon, Ganesh Acharya, Dharmesh Yelande, Salman, Lauren Gottlieb, Noorin Sha, Punit Pathak",India
s301,Movie,Action Replayy,Vipul Amrutlal Shah,"Akshay Kumar, Aishwarya Rai Bachchan, Om Puri, Kiron Kher, Neha Dhupia, Rannvijay Singh, Aditya Roy Kapur, Sudeepa Singh, Randhir Kapoor, Rajpal Yadav",India
s344,Movie,Agneepath,Mukul Anand,"Amitabh Bachchan, Mithun Chakraborty, Danny Denzongpa, Madhavi, Neelam, Alok Nath, Rohini Hattangadi, Tinnu Anand, Vikram Gokhale, Archana Puran Singh",India
s355,Movie,Aitraaz,"Abbas Alibhai Burmawalla, Mastan Alibhai Burmawalla","Akshay Kumar, Kareena Kapoor, Priyanka Chopra, Amrish Puri, Paresh Rawal, Annu Kapoor",India
s356,Movie,Aiyaary,Neeraj Pandey,"Sidharth Malhotra, Manoj Bajpayee, Rakul Preet Singh, Pooja Chopra, Adil Hussain, Kumud Mishra, Naseeruddin Shah, Anupam Kher, Vikram Gokhale, Juhi Babbar",India
s359,Movie,Ajab Prem Ki Ghazab Kahani,Rajkumar Santoshi,"Ranbir Kapoor, Katrina Kaif, Govind Namdeo, Darshan Jariwala, Zakir Hussain, Smita Jaykar, Navneet Nishan, Dolly Bindra, Upen Patel",India
s369,Movie,Ala Vaikunthapurramuloo,Trivikram Srinivas,"Allu Arjun, Pooja Hegde, Tabu, Sushanth, Nivetha Pethuraj, Jayaram, Murli Sharma",India
s447,Movie,Amar Akbar Anthony,Manmohan Desai,"Vinod Khanna, Rishi Kapoor, Amitabh Bachchan, Neetu Singh, Parveen Babi, Shabana Azmi, Nirupa Roy, Pran",India
s508,Movie,Andaz Apna Apna,Rajkumar Santoshi,"Aamir Khan, Salman Khan, Raveena Tandon, Karisma Kapoor, Paresh Rawal, Mehmood, Deven Verma, Jagdeep, Shakti Kapoor",India
s509,Movie,Andhadhun,Sriram Raghavan,"Tabu, Ayushmann Khurrana, Radhika Apte, Anil Dhawan, Manav Vij, Zakir Hussain, Ashwini Kalsekar, Chhaya Kadam, Pawan Singh, Kabir Sajid",India
s561,Movie,Apaharan,Prakash Jha,"Ajay Devgn, Nana Patekar, Bipasha Basu, Ayub Khan, Mohan Agashe, Mukesh Tiwari, Yashpal Sharma, Anoop Soni, Chetan Pandit",India
s590,Movie,Article 15,Anubhav Sinha,"Ayushmann Khurrana, Nassar, Manoj Pahwa, Kumud Mishra, Isha Talwar, Sayani Gupta, Mohammed Zeeshan Ayyub, Subhrajyoti Barat, Sushil Pandey, Aakash Dabhade",India
s655,Movie,Baadshaho,Milan Luthria,"Ajay Devgn, Emraan Hashmi, Vidyut Jamwal, Ileana D'Cruz, Esha Gupta, Sanjay Mishra, Sunny Leone, Sharad Kelkar, Priyanshu Chatterjee, Denzil Smith",India
s656,Movie,Baaghi,Sabir Khan,"Tiger Shroff, Shraddha Kapoor, Sudheer Babu, Paras Arora, Sunil Grover, Sourav Chakraborty, Shaurya Bhardawaj",India
s657,Movie,Baahubali 2: The Conclusion (Hindi Version),S.S. Rajamouli,"Prabhas, Rana Daggubati, Anushka Shetty, Tamannaah Bhatia, Sathyaraj, Ramya Krishnan, Nassar, Subbaraju",India
s661,Movie,Baahubali: The Beginning (Hindi Version),S.S. Rajamouli,"Prabhas, Rana Daggubati, Anushka Shetty, Tamannaah Bhatia, Sathyaraj, Nassar, Ramya Krishnan, Sudeep",India
s752,Movie,Bareilly Ki Barfi,Ashwiny Iyer Tiwari,"Ayushmann Khurrana, Kriti Sanon, Rajkummar Rao, Pankaj Tripathi, Seema Pahwa, Rohit Chaudhury, Swati Semwal",India
s754,Movie,Barfi!,Anurag Basu,"Ranbir Kapoor, Priyanka Chopra, Ileana D'Cruz, Saurabh Shukla, Ashish Vidyarthi, Rupa Ganguly, Bholaraj Sapkota, Jishu Sengupta, Haradhan Bannerjee",India
s757,Movie,Barsaat,Rajkumar Santoshi,"Twinkle Khanna, Bobby Deol, Danny Denzongpa, Raj Babbar, Ashwin Kaushal, Mukesh Khanna, Harish Patel",India
s775,Movie,Bbuddah Hoga Terra Baap,Puri Jagannadh,"Amitabh Bachchan, Hema Malini, Raveena Tandon, Sonu Sood, Sonal Chauhan, Charmy Kaur, Prakash Raj, Makrand Deshpande, Subbaraju, Shawar Ali, Rajeev Verma",India
s867,Movie,Bewafaa,Dharmesh Darshan,"Anil Kapoor, Akshay Kumar, Kareena Kapoor, Sushmita Sen, Shamita Shetty, Manoj Bajpayee, Kabir Bedi, Nafisa Ali, Supriya Pathak, Raj Premi, Supriya Karnik",India
s883,Movie,Bhagam Bhag,Priyadarshan,"Akshay Kumar, Govinda, Lara Dutta, Paresh Rawal, Rajpal Yadav, Jackie Shroff, Arbaaz Khan, Tanushree Dutta, Asrani, Shakti Kapoor",India
s892,Movie,Bhool Bhulaiyaa,Priyadarshan,"Akshay Kumar, Vidya Balan, Ameesha Patel, Shiney Ahuja, Paresh Rawal, Rajpal Yadav, Manoj Joshi, Asrani, Vikram Gokhale, Rasika Joshi",India
s893,Movie,Bhoot,Ram Gopal Varma,"Ajay Devgn, Urmila Matondkar, Nana Patekar, Rekha, Fardeen Khan, Victor Banerjee, Tanuja, Seema Biswas",India
s951,Movie,Black Friday,Anurag Kashyap,"Pavan Malhotra, Kay Kay Menon, Aditya Srivastava, Dibyendu Bhattacharya, Kishore Kadam, Gajraj Rao, Zakir Hussain, Imtiaz Ali, Pratima Kazmi, Raj Arjun",India
s988,Movie,Blood Money,Vishal Mahadkar,"Manish Chaudhary, Kunal Kemmu, Amrita Puri, Shekar Shukla, Teeshay, Mia Evonne Uyeda",India
s1005,Movie,BluffMaster!,Rohan Sippy,"Abhishek Bachchan, Priyanka Chopra, Riteish Deshmukh, Boman Irani, Nana Patekar, Sanjay Mishra, Tinnu Anand, Hussain Shaikh",India
s1017,Movie,Bobby,Raj Kapoor,"Rishi Kapoor, Dimple Kapadia, Pran, Prem Nath, Sonia Sahni, Durga Khote, Aruna Irani, Prem Chopra, Farida Jalal",India
s1034,Movie,Bombay Talkies,"Anurag Kashyap, Dibakar Banerjee, Karan Johar, Zoya Akhtar","Rani Mukerji, Randeep Hooda, Saqib Saleem, Nawazuddin Siddiqui, Sadashiv Amrapurkar, Amitabh Bachchan, Ranvir Shorey, Katrina Kaif, Diana Penty",India
s1060,Movie,Boss,Anthony D'Souza,"Akshay Kumar, Ronit Roy, Shiv Pandit, Mithun Chakraborty, Johny Lever, Aditi Rao Hydari, Danny Denzongpa, Govind Namdeo, Parikshat Sahni, Aakash Dabhade",India
s1087,Movie,Break Ke Baad,Danish Aslam,"Imran Khan, Deepika Padukone, Shahana Goswami, Lillete Dubey, Sharmila Tagore, Navin Nischol, Parzan Dastur, Neelu Kohli, Ziyah Vastani, Yudhishtir Urs, Grady McGahan",India
s1258,Movie,Chaahat,Mahesh Bhatt,"Naseeruddin Shah, Shah Rukh Khan, Pooja Bhatt, Anupam Kher, Ramya Krishnan, Avtar Gill, Mushtaq Khan",India
s1263,Movie,Chal Mere Bhai,David Dhawan,"Sanjay Dutt, Salman Khan, Karisma Kapoor, Dalip Tahil, Sushma Seth, Shakti Kapoor, Nagma, Sonali Bendre, Twinkle Khanna, Ravi Baswani",India
s1266,Movie,Chalte Chalte,Aziz Mirza,"Shah Rukh Khan, Rani Mukerji, Jas Arora, Satish Shah, Rajiv Verma, Lillete Dubey, Jayshree T., Johny Lever",India
s1268,Movie,Chamatkar,Rajiv Mehra,"Shah Rukh Khan, Naseeruddin Shah, Urmila Matondkar, Malvika Tiwari, Shammi Kapoor, Deven Verma, Tinnu Anand, Anjana Mumtaz, Anjan Srivastav, Rakesh Bedi",India
s1384,Movie,Chup Chup Ke,"Priyadarshan, Kookie V. Gulati","Shahid Kapoor, Kareena Kapoor, Om Puri, Neha Dhupia, Sunil Shetty, Paresh Rawal, Rajpal Yadav, Shakti Kapoor",India
s1386,Movie,Chupke Chupke,Hrishikesh Mukherjee,"Dharmendra, Sharmila Tagore, Amitabh Bachchan, Jaya Bhaduri, Om Prakash, Asrani, David Abraham, Usha Kiran, Lily Chakravarty, Keshto Mukherjee",India
s1478,Movie,Company,Ram Gopal Varma,"Ajay Devgn, Vivek Oberoi, Mohanlal, Manisha Koirala, Seema Biswas, Antara Mali, Akash Khurana, Madan Joshi, Vijay Raaz, Rajpal Yadav",India
s1596,Movie,Dangal,Nitesh Tiwari,"Aamir Khan, Sakshi Tanwar, Fatima Sana Shaikh, Sanya Malhotra, Aparshakti Khurana, Zaira Wasim, Suhani Bhatnagar, Ritwik Sahore",India
s1622,Movie,Darna Mana Hai,Prawal Raman,"Aftab Shivdasani, Antara Mali, Boman Irani, Isha Koppikar, Nana Patekar, Raghuvir Yadav, Rajpal Yadav, Revathy, Saif Ali Khan, Sameera Reddy, Sanjay Kapoor, Shilpa Shetty, Sohail Khan, Vivek Oberoi",India
s1668,Movie,Dear Zindagi,Gauri Shinde,"Alia Bhatt, Shah Rukh Khan, Ira Dubey, Yashaswini Dayama, Gautmik, Raj Bhansali, Rohit Saraf, Atul Kale, Kunal Kapoor, Angad Bedi, Ali Zafar, Aditya Roy Kapoor",India
s1679,Movie,Dedh Ishqiya,Abhishek Chaubey,"Naseeruddin Shah, Madhuri Dixit, Arshad Warsi, Huma Qureshi, Vijay Raaz, Manoj Pahwa, Salman Shahid",India
s1684,Movie,Deewangee,Anees Bazmee,"Ajay Devgn, Akshaye Khanna, Urmila Matondkar, Farida Jalal, Vijayendra Ghatge",India
s1690,Movie,Delhi 6,Rakeysh Omprakash Mehra,"Abhishek Bachchan, Sonam Kapoor, Waheeda Rehman, Om Puri, Prem Chopra, Atul Kulkarni, Pavan Malhotra, Divya Dutta, Deepak Dobriyal, Sheeba Chaddha",India
s1691,Movie,Delhi Belly,Abhinay Deo,"Imran Khan, Vir Das, Kunaal Roy Kapur, Poorna Jagannathan, Shenaz Treasury, Vijay Raaz, Paresh Ganatra, Rahul Singh",India
s1733,Movie,Dhamaal,Indra Kumar,"Sanjay Dutt, Riteish Deshmukh, Arshad Warsi, Aashish Chaudhary, Javed Jaffrey, Prem Chopra, Asrani, Tiku Talsania",India
s1758,Movie,Dil Chahta Hai,Farhan Akhtar,"Aamir Khan, Saif Ali Khan, Akshaye Khanna, Preity Zinta, Sonali Kulkarni, Dimple Kapadia, Ayub Khan, Rajat Kapoor, Suhasini Mulay, Ahmed Khan",India
s1759,Movie,Dil Dhadakne Do,Zoya Akhtar,"Anil Kapoor, Priyanka Chopra, Ranveer Singh, Anushka Sharma, Farhan Akhtar, Shefali Shah, Rahul Bose, Parmeet Sethi, Vikrant Massey, Zarina Wahab, Aamir Khan",India
s1760,Movie,Dil Hai Tumhaara,Kundan Shah,"Rekha, Preity Zinta, Mahima Chaudhry, Arjun Rampal, Jimmy Shergill, Alok Nath, Dilip Joshi, Govind Namdeo",India
s1761,Movie,Dil Se,Mani Ratnam,"Shah Rukh Khan, Manisha Koirala, Preity Zinta, Raghuvir Yadav, Zohra Sehgal, Sabyasachi Chakraborty, Piyush Mishra, Krishnakant, Aditya Srivastava",India
s1762,Movie,Dil Vil Pyaar Vyaar,Manjeet Maan,"Gurdas Maan, Neeru Bajwa, Jassi Gill, Rajiv Thakur, Khushdeed Maan, Manav Vij, Raj Jhinger, Shruti Sodhi, Meher Vij",India
s1765,Movie,Dilwale,Rohit Shetty,"Shah Rukh Khan, Kajol, Kriti Sanon, Kabir Bedi, Varun Dhawan, Boman Irani, Johnny Lever, Varun Sharma, Sanjay Mishra, Vinod Khanna, Mukesh Tiwari, Pankaj Tripathi, Shawar Ali",India
s1778,Movie,Disco Dancer,B. Subhash,"Mithun Chakraborty, Kim, Kalpana Iyer, Om Puri, Gita Siddharth, Yusuf Khan, Bob Christo, Om Shivpuri, Karan Razdan",India
s1791,Movie,Do Dooni Chaar,Habib Faisal,"Rishi Kapoor, Neetu Singh, Aditi Vasudev, Archit Krishna, Akhilendra Mishra, Natasha Rastogi, Manoj Bakshi, Supriya Shukla",India
s1808,Movie,Don,Farhan Akhtar,"Shah Rukh Khan, Priyanka Chopra, Arjun Rampal, Isha Koppikar, Kareena Kapoor, Boman Irani, Om Puri, Pavan Malhotra",India
s1878,Movie,Drishyam,Nishikant Kamat,"Ajay Devgn, Shriya Saran, Tabu, Rajat Kapoor, Ishita Dutta, Mrunal Jadhav, Prasanna Ketkar, Yogesh Sonam, Prathamesh Parab, Rishabh Chaddha",India
s1897,Movie,Duplicate,Mahesh Bhatt,"Shah Rukh Khan, Juhi Chawla, Sonali Bendre, Farida Jalal, Mohnish Bahl, Tiku Talsania, Gulshan Grover, Sharat Saxena",India
s1937,Movie,Ek Hasina Thi,Sriram Raghavan,"Saif Ali Khan, Urmila Matondkar, Seema Biswas, Pratima Kazmi, Aditya Srivastava, Rasika Joshi, Madan Joshi, Seema Adhikari",India
s1939,Movie,Ek Khiladi Ek Haseena,Suparn Verma,"Koena Mitra, Fardeen Khan, Kay Kay Menon, Mumait Khan, Rakhi Sawant, Feroz Khan, Zabyn Khan, Rohit Roy, Gulshan Grover, Amin Hajee",India
s2120,Movie,Fashion,Madhur Bhandarkar,"Priyanka Chopra, Kangana Ranaut, Mugdha Godse, Arbaaz Khan, Arjan Bajwa, Raj Babbar, Kiran Juneja, Samir Soni",India
s2150,Movie,Ferrari Ki Sawaari,Rajesh Mapuskar,"Sharman Joshi, Boman Irani, Ritwik Sahore, Paresh Rawal, Deepak Shirke, Satyadeep Misra, Aakash Dabhade, Nilesh Diwekar, Vidya Balan",India
s2152,Movie,Fida,Ken Ghosh,"Fardeen Khan, Kareena Kapoor, Shahid Kapoor, Kim Sharma, Akhilendra Mishra",India
s2201,Movie,Fiza,Khalid Mohamed,"Karisma Kapoor, Jaya Bhaduri, Hrithik Roshan, Neha, Asha Sachdev, Bikram Saluja, Isha Koppikar, Johny Lever, Sushmita Sen, Manoj Bajpayee",India
s2235,Movie,Force 2,Abhinay Deo,"John Abraham, Sonakshi Sinha, Tahir Raj Bhasin, Narendra Jha, Adil Hussain, Vikram Kapadia, Patricia Hittler, Genelia D'souza, Raj Babbar, Freddy Daruwala, Boman Irani",India
s2306,Movie,Fukrey,Mrighdeep Singh Lamba,"Pulkit Samrat, Manjot Singh, Ali Fazal, Varun Sharma, Richa Chadda, Priya Anand, Vishakha Singh, Pankaj Tripathi",India
s2327,Movie,Gabbar Is Back,Krish,"Akshay Kumar, Shruti Haasan, Sunil Grover, Kareena Kapoor, Ishita Vyas, Suman Talwar, Jaideep Ahlawat, Shruti Bapna",India
s2350,Movie,Gangaajal,Prakash Jha,"Ajay Devgn, Gracy Singh, Mohan Agashe, Mohan Joshi, Ayub Khan, Akhilendra Mishra, Mukesh Tiwari, Yashpal Sharma, Brij Gopal, Anita Kanwal",India
s2394,Movie,Ghayal,Rajkumar Santoshi,"Sunny Deol, Meenakshi Sheshadri, Amrish Puri, Moushumi Chatterjee, Kulbhushan Kharbanda, Om Puri, Raj Babbar, Shabbir Khan",India
s2471,Movie,Golmaal Returns,Rohit Shetty,"Ajay Devgn, Kareena Kapoor, Arshad Warsi, Tusshar Kapoor, Shreyas Talpade, Celina Jaitly, Amrita Arora, Anjana Sukhani",India
s2472,Movie,Golmaal: Fun Unlimited,Rohit Shetty,"Ajay Devgn, Tusshar Kapoor, Arshad Warsi, Sharman Joshi, Paresh Rawal, Rimi Sen, Sushmita Mukherjee, Vrajesh Hirjee",India
s2559,Movie,Guru,Mani Ratnam,"Abhishek Bachchan, Mithun Chakraborty, Aishwarya Rai Bachchan, Madhavan, Vidya Balan, Roshan Seth, Arya Babbar, Sachin Khedekar, Dhritiman Chatterjee, Manoj Joshi",India
s2562,Movie,Guzaarish,Sanjay Leela Bhansali,"Hrithik Roshan, Aishwarya Rai Bachchan, Shernaz Patel, Aditya Roy Kapoor, Nafisa Ali, Monikangana Dutta, Suhel Seth, Rajit Kapoor, Ash Chandler, Vijay Crishna",India
s2576,Movie,Haider,Vishal Bhardwaj,"Shahid Kapoor, Tabu, Shraddha Kapoor, Kay Kay Menon, Irrfan Khan, Narendra Jha",India
s2584,Movie,Half Girlfriend,Mohit Suri,"Arjun Kapoor, Shraddha Kapoor, Vikrant Massey, Seema Biswas, Rhea Chakraborty, Sujata Sehgal, Anisa Butt",India
s2643,Movie,Hasee Toh Phasee,Vinil Mathew,"Sidharth Malhotra, Parineeti Chopra, Adah Sharma, Manoj Joshi, Madhuri Sanjeev, Sharat Saxena, Nina Kulkarni, Anil Mange",India
s2644,Movie,Haseena Maan Jaayegi,David Dhawan,"Sanjay Dutt, Govinda, Karisma Kapoor, Pooja Batra, Kader Khan, Paresh Rawal, Satish Kaushik, Aruna Irani, Anupam Kher, Ashish Vidyarthi, Aashif Sheikh, Asrani, Razak Khan, Shakti Kapoor, Bindu, Mahavir Shah, Mohan Joshi, Anil Dhawan",India
s2693,Movie,Hello Brother,Sohail Khan,"Salman Khan, Arbaaz Khan, Rani Mukerji, Johny Lever, Neeraj Vora, Shakti Kapoor, Razak Khan, Sulabha Arya",India
s2704,Movie,Hera Pheri,Prakash Mehra,"Amitabh Bachchan, Vinod Khanna, Saira Banu, Sulakshana Pandit, Shreeram Lagoo, Pinchoo Kapoor, P. Jairaj, Yunus Parvez",India
s2712,Movie,Heroine,Madhur Bhandarkar,"Kareena Kapoor, Arjun Rampal, Randeep Hooda, Divya Dutta, Govind Namdeo, Sanjay Suri, Mugdha Godse, Shahana Goswami, Ranvir Shorey, Lillete Dubey",India
s2744,Movie,Himmatwala,Sajid Khan,"Ajay Devgn, Tamannaah Bhatia, Paresh Rawal, Zarina Wahab, Mahesh Manjrekar",India
s2860,Movie,Hum Aapke Hain Koun,Sooraj R. Barjatya,"Madhuri Dixit, Salman Khan, Mohnish Bahl, Renuka Shahane, Anupam Kher, Reema Lagoo, Alok Nath, Bindu",India
s2861,Movie,Hum Saath-Saath Hain,Sooraj R. Barjatya,"Salman Khan, Karisma Kapoor, Saif Ali Khan, Tabu, Sonali Bendre, Mohnish Bahl, Mahesh Thakur, Neelam, Alok Nath, Satish Shah",India
s2863,Movie,Humko Deewana Kar Gaye,Raj Kanwar,"Akshay Kumar, Katrina Kaif, Bipasha Basu, Bhagyashree, Shernaz Patel, Vivek Shaq, Mahesh Thakur, Ranjeet, Nina Kulkarni, Puneet Issar, Anju Mahendru, Manoj Joshi, Anil Kapoor",India
s2864,Movie,Humpty Sharma Ki Dulhania,Shashank Khaitan,"Varun Dhawan, Alia Bhatt, Ashutosh Rana, Sidharth Shukla, Sahil Vaid, Gaurav Pandey, Jaswant Daman, Kenneth Desai, Deepika Amin, Mahnaz Damania",India
s3065,Movie,Ishq Vishk,Ken Ghosh,"Shahid Kapoor, Amrita Rao, Shenaz Treasury, Vishal Malhotra, Kapil Jhaveri, Shabhir, Deepti Gujral, Yash Tonk, Satish Shah, Neelima Azim",India
s3094,Movie,Jaane Tu... Ya Jaane Na,Abbas Tyrewala,"Imran Khan, Genelia D'Souza, Manjari Fadnis, Ayaz Khan, Prateik, Ratna Pathak Shah, Arbaaz Khan, Sohail Khan",India
s3095,Movie,Jab Harry Met Sejal,Imtiaz Ali,"Shah Rukh Khan, Anushka Sharma, Aru Krishansh Verma, Chandan Roy Sanyal, Evelyn Sharma, Kavi Shastri, Barbora Mudrochova, Paula Donner, Denis Dorokhov, Martavious Gayles",India
s3096,Movie,Jab We Met,Imtiaz Ali,"Shahid Kapoor, Kareena Kapoor, Tarun Arora, Dara Singh, Pavan Malhotra, Kamal Tiwari, Kiran Juneja, Divya Seth, Saumya Tandon",India
s3111,Movie,Jagga Jasoos,Anurag Basu,"Ranbir Kapoor, Katrina Kaif, Saurabh Shukla, Saswata Chatterjee, Rajatabha Dutta, Saravajeet Tiwari",India
s3164,Movie,Jhankaar Beats,Sujoy Ghosh,"Rahul Bose, Sanjay Suri, Rinke Khanna, Riya Sen, Juhi Chawla, Shayan Munshi",India
s3196,Movie,Jodhaa Akbar,Ashutosh Gowariker,"Hrithik Roshan, Aishwarya Rai Bachchan, Sonu Sood, Poonam Sinha, Suhasini Mulay, Ila Arun, Raza Murad, Kulbhushan Kharbanda, Abeer Abrar",India
s3234,Movie,Judwaa,David Dhawan,"Salman Khan, Karisma Kapoor, Rambha, Kader Khan, Anupam Kher, Shakti Kapoor, Bindu, Reema Lagoo, Satish Shah, Mukesh Rishi",India
s3235,Movie,Judwaa 2,David Dhawan,"Varun Dhawan, Jacqueline Fernandez, Tapsee Pannu, Rajpal Yadav, Sachin Khedekar, Anupam Kher, Zakir Hussain, Pavan Malhotra",India
s3271,Movie,Kaabil,Sanjay Gupta,"Hrithik Roshan, Yami Gautam, Ronit Roy, Rohit Roy, Narendra Jha, Girish Kulkarni, Sahidur Rahaman, Suresh Menon",India
s3275,Movie,Kaal,Soham Shah,"Ajay Devgn, Vivek Oberoi, John Abraham, Lara Dutta, Esha Deol, Vishal Malhotra, Kushal Punjabi, Vineet Sharma",India
s3277,Movie,Kaalia,Tinnu Anand,"Amitabh Bachchan, Asha Parekh, Parveen Babi, Amjad Khan, Pran, K.N. Singh, Sajjan, Murad, Kader Khan, Jagdeep",India
s3281,Movie,Kabhi Alvida Naa Kehna,Karan Johar,"Amitabh Bachchan, Shah Rukh Khan, Abhishek Bachchan, Rani Mukerji, Preity Zinta, Kiron Kher, Arjun Rampal",India
s3282,Movie,Kabhi Haan Kabhi Naa,Kundan Shah,"Shah Rukh Khan, Suchitra Krishnamoorthi, Deepak Tijori, Rita Bhaduri, Satish Shah, Anjan Srivastav, Goga Kapoor, Tiku Talsania, Ravi Baswani, Naseeruddin Shah",India
s3283,Movie,Kabhi Khushi Kabhie Gham,Karan Johar,"Amitabh Bachchan, Jaya Bhaduri, Shah Rukh Khan, Kajol, Hrithik Roshan, Kareena Kapoor, Rani Mukerji, Farida Jalal, Himani Shivpuri, Alok Nath",India
s3284,Movie,Kabir Singh,Sandeep Reddy Vanga,"Shahid Kapoor, Kiara Advani, Suresh Oberoi, Arjan Bajwa, Adil Hussain, Nikita Dutta, Kamini Kaushal, Anurag Arora",India
s3285,Movie,Kacche Dhaagey,Buta Singh,"Yograj Singh, Nitu Pandher, Deep Mandian, Shreya Chawla, Jagpal Singh Chahal, Jyoti Sharma, Janak Joshi, Karan Vinayak",India
s3288,Movie,Kai Po Che!,Abhishek Kapoor,"Rajkummar Rao, Amit Sadh, Sushant Singh Rajput, Amrita Puri, Digvijay Deshmukh, Asif Basra, Manav Kaul, Ashish Kakkad",India
s3291,Movie,Kal Ho Naa Ho,Nikkhil Advani,"Shah Rukh Khan, Saif Ali Khan, Preity Zinta, Jaya Bhaduri, Sushma Seth, Reema Lagoo, Lillete Dubey, Delnaaz Paul",India
s3296,Movie,Kalki,Dhilip Kumar,"Kishore Kumar G., Yasmin Ponnappa, Mithraboomi Saravanan",India
s3298,Movie,Kaminey,Vishal Bhardwaj,"Shahid Kapoor, Priyanka Chopra, Deb Mukherjee, Shivkumar Subramaniam, Chandan Roy Sanyal, Hrishikesh Joshi, Amole Gupte, Patricia Bull, Carlos Paca, Eric Santos",India
s3304,Movie,Kapoor & Sons,Shakun Batra,"Rishi Kapoor, Sidharth Malhotra, Fawad Khan, Alia Bhatt, Ratna Pathak Shah, Rajat Kapoor",India
s3310,Movie,Karthik Calling Karthik,Vijay Lalwani,"Farhan Akhtar, Deepika Padukone, Ram Kapoor, Vivan Bhatena, Vipin Sharma, Yatin Karyekar, Shefali Shah",India
s3360,Movie,Khosla Ka Ghosla,Dibakar Banerjee,"Anupam Kher, Boman Irani, Parvin Dabas, Tara Sharma, Navin Nischol, Kiran Juneja, Ranvir Shorey, Vinod Nagpal, Vinay Pathak, Nitish Pandey",India
s3411,Movie,Kismat Konnection,Aziz Mirza,"Shahid Kapoor, Vidya Balan, Juhi Chawla, Om Puri, Vishal Malhotra, Karanvir Bohra, Amit Varma",India
s3456,Movie,Krishna Cottage,Santram Varma,"Sohail Khan, Isha Koppikar, Natasha, Rati Agnihotri",India
s3460,Movie,Kucch To Hai,Anil V. Kumar,"Tusshar Kapoor, Esha Deol, Natasha, Jeetendra, Rishi Kapoor",India
s3461,Movie,Kuch Kuch Hota Hai,Karan Johar,"Shah Rukh Khan, Kajol, Rani Mukerji, Farida Jalal, Reema Lagoo, Salman Khan, Archana Puran Singh, Himani Shivpuri, Johny Lever, Anupam Kher, Sana Saeed",India
s3482,Movie,Kyo Kii... Main Jhuth Nahin Bolta,David Dhawan,"Govinda, Mohnish Bahl, Sharad Kapoor, Satish Kaushik, Anupam Kher, Kiran Kumar, Rambha, Sushmita Sen",India
s3522,Movie,Lagaan,Ashutosh Gowariker,"Aamir Khan, Gracy Singh, Rachel Shelley, Paul Blackthorne, Kulbhushan Kharbanda, Raghuvir Yadav, Yashpal Sharma, Rajendranath Zutshi, Rajesh Vivek, Aditya Lakhia",India
s3525,Movie,Lakshya,Farhan Akhtar,"Amitabh Bachchan, Hrithik Roshan, Preity Zinta, Om Puri, Sharad Kapoor, Rajendranath Zutshi, Sushant Singh, Prashant Chainani, Shakeel Khan, Ranvir Shorey",India
s3526,Movie,Lal Patthar,Sushil Majumdar,"Raaj Kumar, Hema Malini, Rakhee Gulzar, Vinod Mehra, Asit Kumar Sen, Paintal, Dulari, Chandramohan, Sujata Bakshi, Meena T.",India
s3625,Movie,Life in a ... Metro,Anurag Basu,"Dharmendra, Irrfan Khan, Konkona Sen Sharma, Kay Kay Menon, Shilpa Shetty, Shiney Ahuja, Sharman Joshi, Kangana Ranaut, Nafisa Ali, Manoj Pahwa",India
s3744,Movie,Love Aaj Kal,Imtiaz Ali,"Kartik Aaryan, Sara Ali Khan, Randeep Hooda, Arushi Sharma, Simone Singh, Monika Pawar, Amrit Arora, Siddharth Kak",India
s3809,Movie,Luck by Chance,Zoya Akhtar,"Farhan Akhtar, Konkona Sen Sharma, Rishi Kapoor, Dimple Kapadia, Isha Sharvani, Sanjay Kapoor, Juhi Chawla, Hrithik Roshan, Alyy Khan, Sheeba Chaddha",India
s3843,Movie,Madaari,Nishikant Kamat,"Irrfan Khan, Jimmy Shergill, Vishesh Bansal, Tushar Dalvi, Nitish Pandey",India
s3873,Movie,Main Hoon Na,Farah Khan,"Shah Rukh Khan, Sunil Shetty, Sushmita Sen, Zayed Khan, Amrita Rao, Kiron Kher, Boman Irani, Bindu, Naseeruddin Shah, Kabir Bedi",India
s3874,Movie,"Main, Meri Patni Aur Woh",Chandan Arora,"Rajpal Yadav, Rituparna Sengupta, Kay Kay Menon, Varun Bandola, Vinod Nagpal, Naseeruddin Shah",India
s3875,Movie,Maine Pyaar Kyun Kiya,David Dhawan,"Salman Khan, Sushmita Sen, Sohail Khan, Katrina Kaif, Arshad Warsi, Isha Koppikar, Rajpal Yadav, Beena Kak",India
s3876,Movie,Maine Pyar Kiya,Sooraj R. Barjatya,"Salman Khan, Bhagyashree, Alok Nath, Rajeev Verma, Reema Lagoo, Ajit Vachani, Harish Patel, Deep Dhillon, Pervin Dastur, Mohnish Bahl",India
s4165,Movie,Mohenjo Daro,Ashutosh Gowariker,"Hrithik Roshan, Sonakshi Sinha, Pooja Hegde, Kabir Bedi, Arunoday Singh, Kishori Shahane, Narendra Jha, Nitish Bharadwaj",India
s4274,Movie,Mujhse Shaadi Karogi,David Dhawan,"Rajpal Yadav, Amrish Puri, Kader Khan, Shashi Kala, Priyanka Chopra, Salman Khan, Akshay Kumar, Satish Shah",India
s4396,Movie,Namak Halaal,Prakash Mehra,"Amitabh Bachchan, Shashi Kapoor, Parveen Babi, Smita Patil, Waheeda Rehman, Om Prakash, Ranjeet, Satyendra Kapoor",India
s4397,Movie,Namastey London,Vipul Amrutlal Shah,"Akshay Kumar, Katrina Kaif, Rishi Kapoor, Upen Patel, Javed Sheikh, Nina Wadia, Clive Standen, Tiffany Mulheron",India
s4609,Movie,Om Shanti Om,Farah Khan,"Shah Rukh Khan, Deepika Padukone, Shreyas Talpade, Arjun Rampal, Kirron Kher, Javed Sheikh",India
s4634,Movie,Once Upon a Time in Mumbaai,Milan Luthria,"Ajay Devgn, Emraan Hashmi, Kangana Ranaut, Prachi Desai, Randeep Hooda, Imran Hasnee, Dhiru Dwivedi",India
s4635,Movie,Once Upon a Time in Mumbai Dobaara!,Milan Luthria,"Akshay Kumar, Imran Khan, Sonakshi Sinha, Sonali Bendre, Sarfaraz Khan, Mahesh Manjrekar, Abhimanyu Singh, Kurush Deboo, Pitobash, Chetan Hansraj",India
s4637,Movie,One 2 Ka 4,Shashilal K. Nair,"Shah Rukh Khan, Juhi Chawla, Jackie Shroff, Nirmal Pandey, Dilip Joshi, Sahila Chaddha, Suresh Chatwal, Bharat Dabholkar, Baby Gazala, Akash Khurana",India
s4962,Movie,Prem Ratan Dhan Payo,Sooraj R. Barjatya,"Salman Khan, Sonam Kapoor, Anupam Kher, Neil Nitin Mukesh, Sanjay Mishra, Swara Bhaskar, Deepak Dobriyal, Arman Kohli, Manoj Joshi, Samaira Rao, Karuna Pandey, Sucheta Khanna",India
s5015,Movie,Pyaar Ka Punchnama,Luv Ranjan,"Kartik Aaryan, Divyendu Sharma, Raayo S. Bakhirta, Nushrat Bharucha, Sonalli Sehgall, Ishita Raj",India
s5016,Movie,Pyaar Ka Punchnama 2,Luv Ranjan,"Kartik Aaryan, Nushrat Bharucha, Sonalli Sehgall, Sunny Singh, Ishita Raj, Omkar Kapoor, Sharat Saxena, Mona Ambegaonkar",India
s5017,Movie,Pyaar Ke Side Effects,Saket Chaudhary,"Rahul Bose, Mallika Sherawat, Ranvir Shorey, Sharat Saxena, Aamir Bashir, Taraana Raja, Jas Arora, Suchitra Pillai, Sapna Bhavnani, Sophiya Chaudhary",India
s5053,Movie,Race,"Mastan Alibhai Burmawalla, Abbas Alibhai Burmawalla","Saif Ali Khan, Akshaye Khanna, Katrina Kaif, Bipasha Basu, Anil Kapoor, Sameera Reddy",India
s5054,Movie,Race 2,"Abbas Alibhai Burmawalla, Mastan Alibhai Burmawalla","Anil Kapoor, Saif Ali Khan, John Abraham, Deepika Padukone, Jacqueline Fernandez, Ameesha Patel, Rajesh Khattar, Chunky Pandey",India
s5061,Movie,Raees,Rahul Dholakia,"Shah Rukh Khan, Mahira Khan, Nawazuddin Siddiqui, Mohammed Zeeshan Ayyub, Sheeba Chaddha, Shubham Chintamani, Shubham Tukaram, Atul Kulkarni, Narendra Jha, Jaideep Ahlawat, Sunny Leone",India
